{"organisation":"VIC_Govt_DOH","name":"Health:lga_profilesdata2011","title":"Local Government Area (LGA) profiles data 2011","legal":{"copyrightYear":"2011 - 2012","attributionYear":"2012","attribution":"{datasource.organisationTitle}, ({dataset.attributionYear}): {dataset.title}; accessed from AURIN Portal on {dateOfAccess}.","clickthrough":false,"licenceType":"Creative Commons Attribution 3.0 Australia (CC BY 3.0 AU)","copyrightNotice":"&copy; {datasource.organisationTitle} {dataset.copyrightYear}"},"referenceSystemIdentifier":"urn:x-ogc:def:crs:EPSG:4283","geoLevel":"lga","key":"lga_code","keyRegex":null,"availability":"true","geomField":"wkb_geometry","keyword":"influenza, health, well being, quality of life, demographic, population, employment, social","theme":null,"temporalExtent":{"beginDate":"2011-01-01T00:00:00","endDate":"2011-12-31T00:00:00","selectTime":false},"type":"dataset","_id":"dataset-VIC_Govt_DOH-Health:lga_profilesdata2011-lga","bbox":null,"abstract":"The Local Government Area (LGA) profiles are produced annually to facilitate service planning and policy development by enabling access to a broad range of data about each LGA. Each profile includes population, socio-economic, services and health data relating to the LGA, provided by a range of sources.","selectedAttributes":[{"name":"lga_code","type":"java.lang.Integer","title":"Local Government Area Code","description":"Code of the local government area","stype":"Nominal","isDimension":false},{"name":"remoteness_area","type":"java.lang.String","title":"Remoteness area","description":"The remoteness of the LGA as measured by the Accessibility/Remoteness Index of Australia (ARIA+).","stype":"Nominal","isDimension":false},{"name":"perc_membership_groups","type":"java.lang.Double","title":"% of population with membership of organised groups","description":"The percentage of the population who say they are a member of an organised group such as a sports or church group or another community organisation or professional organisation.","stype":"Ratio","isDimension":false},{"name":"registered_mental_health","type":"java.lang.Double","title":"Registered mental health clients per 1000 population","description":"The number of residents of an LGA who are registered as clients with a mental health service per 1000 population.","stype":"Ratio","isDimension":false},{"name":"total_offences","type":"java.lang.Double","title":"Total offences per 1000 population","description":"The total number of offences per 1000 population. Includes crime against person crime against property drug offences and other crime. Provided as a number per postcode and converted to LGA by DH.","stype":"Ratio","isDimension":false},{"name":"perc_at_risk_alcohol","type":"java.lang.Double","title":"% at risk of short term harm from alcohol","description":"The percentage of residents of the LGA who indicated as part of the Victorian Population Health Survey that they consume alcohol at risky or high risk levels at least once per week.","stype":"Ratio","isDimension":false},{"name":"perc_pop_higher_education","type":"java.lang.Double","title":"% of population with higher education qualification","description":"The percentage of people aged 15 years and over who have attained a definitive higher education qualification including a post-graduate degree- a graduate diploma a graduate certificate or a bachelor degree.","stype":"Ratio","isDimension":false},{"name":"perc_persons_overweight_obese","type":"java.lang.Double","title":"% persons overweight or obese","description":"The percentage of persons whose reported height and weight indicates that their Body Mass Index (BMI) is classified as overweight or obese.","stype":"Ratio","isDimension":false},{"name":"gaming_machine_losses","type":"java.lang.Double","title":"Gaming machine losses per head of population","description":"The total amount of money lost on electronic gaming machines that are located in an LGA per head of adult population.","stype":"Ratio","isDimension":false}],"filter":{"filterType":"tabular","feature":{"key":"lga_code","geoLevel":"lga","geoField":"ignored","year":"2006","featureBbox":[140.961681984,-39.159189527500004,149.976679008,-33.9806475865],"featureType":"ste","featureInstance":"2","featureName":"Victoria","referenceSystemIdentifier":"urn:x-ogc:def:crs:EPSG:4283","prefix":"","keyTransform":null},"states":["2"]}}