{"organisation":"TUA_PHIDU","name":"lga11_communitystrength","title":"LGA11 Community Strength","legal":{"copyrightYear":"2014","attributionYear":"2014","attribution":"{datasource.organisationTitle}, ({dataset.attributionYear}): {dataset.title}; accessed from AURIN Portal on {dateOfAccess}.","clickthrough":false,"licenceType":"Creative Commons Attribution-NonCommercial-ShareAlike 3.0 Australia (CC BY-NC-SA 3.0 AU)","copyrightNotice":"&copy; {datasource.organisationTitle} {dataset.copyrightYear}"},"referenceSystemIdentifier":"EPSG:4283","geoLevel":"lga2011","key":"area_code","keyRegex":null,"availability":"true","geomField":"wkb_geometry","keyword":"community strength, voluntary work, support, safety, social, population","theme":null,"temporalExtent":{"beginDate":"2010-08-01T00:00:00","endDate":"2011-06-30T00:00:00","selectTime":false},"type":"dataset","_id":"dataset-TUA_PHIDU-lga11_communitystrength-lga2011","bbox":null,"abstract":"Modelled estimates of community strengths including: voluntary work, giving or receiving support in times of crisis, feeling safe, and views on other cultures - in 2010 by LGA 2011.","selectedAttributes":[{"name":"area_code","type":"java.lang.Integer","title":"Local Government Area Code","description":"Local Government Area code (2011)","stype":"nominal","isDimension":false},{"name":"area_name","type":"java.lang.String","title":"Local Government Area Name","description":"Local Government Area name (2011)","stype":"nominal","isDimension":false},{"name":"cs_gsup_syn_5_rrm_8_10_11_10","type":"java.lang.Double","title":"Support in Times of Crisis - RRMSE.","description":"The relative root mean square error (RRMSE) is the measure of the reliability of an estimate. A value of 1 means the estimate should be used with caution; a value of 2 means the estimate is considered too unreliable for general use; and a value of 3 means the estimate is reliable. Source: Compiled by PHIDU based on modelled estimates from the 2010 General Social Survey, ABS (unpublished), and ABS Estimated Resident Population, 30 June 2010.","stype":"nominal","isDimension":false},{"name":"cs_psup_syn_1_no_8_10_11_10","type":"java.lang.Double","title":"Provide Support to Other Relatives - Count","description":"Provide support to other relatives living outside the household - Count. Source: Compiled by PHIDU based on modelled estimates from the 2010 General Social Survey, ABS (unpublished).","stype":"ratio","isDimension":false},{"name":"cs_vol_syn_3_lci_8_10_11_10","type":"java.lang.Double","title":"Voluntary Work - Rate per 100 Population - Lower 95 Percent C.I.","description":"Voluntary work in the last 12 months through an organisation - Indirectly age-standardised rate per 100 population - lower 95% Confidence Interval. Source: Compiled by PHIDU based on modelled estimates from the 2010 General Social Survey, ABS (unpublished), and ABS Estimated Resident Population, 30 June 2010.","stype":"ratio","isDimension":false},{"name":"cs_psup_syn_2_rate_8_10_11_10","type":"java.lang.Double","title":"Provide Support to Other Relatives - Rate per 100 Population","description":"Provide support to other relatives living outside the household - Indirectly age-standardised rate per 100 population. Source: Compiled by PHIDU based on modelled estimates from the 2010 General Social Survey, ABS (unpublished), and ABS Estimated Resident Population, 30 June 2010.","stype":"ratio","isDimension":false},{"name":"cs_psup_syn_3_lci_8_10_11_10","type":"java.lang.Double","title":"Provide Support to Other Relatives - Rate per 100 Population - Lower 95 Percent C.I.","description":"Provide support to other relatives living outside the household - Indirectly age-standardised rate per 100 population - lower 95% Confidence Interval. Source: Compiled by PHIDU based on modelled estimates from the 2010 General Social Survey, ABS (unpublished), and ABS Estimated Resident Population, 30 June 2010.","stype":"ratio","isDimension":false},{"name":"cs_psup_syn_4_uci_8_10_11_10","type":"java.lang.Double","title":"Provide Support to Other Relatives - Rate per 100 Population - Upper 95 Percent C.I.","description":"Provide support to other relatives living outside the household - Indirectly age-standardised rate per 100 population - upper 95% Confidence Interval. Source: Compiled by PHIDU based on modelled estimates from the 2010 General Social Survey, ABS (unpublished), and ABS Estimated Resident Population, 30 June 2010.","stype":"ratio","isDimension":false},{"name":"cs_saf_syn_2_rate_8_10_11_10","type":"java.lang.Double","title":"Feel Very Safe or Safe Walking Alone in Local Area after Dark - Rate per 100 Population","description":"Feel very safe/safe walking alone in local area after dark - Indirectly age-standardised rate per 100 population. Source: Compiled by PHIDU based on modelled estimates from the 2010 General Social Survey, ABS (unpublished), and ABS Estimated Resident Population, 30 June 2010.","stype":"ratio","isDimension":false},{"name":"cs_psup_syn_5_rrm_8_10_11_10","type":"java.lang.Double","title":"Provide Support to Other Relatives - RRSME","description":"The relative root mean square error (RRMSE) is the measure of the reliability of an estimate. A value of 1 means the estimate should be used with caution; a value of 2 means the estimate is considered too unreliable for general use; and a value of 3 means the estimate is reliable. Source: Compiled by PHIDU based on modelled estimates from the 2010 General Social Survey, ABS (unpublished), and ABS Estimated Resident Population, 30 June 2010.","stype":"nominal","isDimension":false},{"name":"cs_saf_syn_3_lci_8_10_11_10","type":"java.lang.Double","title":"Feel Very Safe or Safe Walking Alone in Local Area after Dark - Rate per 100 Population - Lower 95 Percent C.I.","description":"Feel very safe/safe walking alone in local area after dark - Indirectly age-standardised rate per 100 population - lower 95% Confidence Interval. Source: Compiled by PHIDU based on modelled estimates from the 2010 General Social Survey, ABS (unpublished), and ABS Estimated Resident Population, 30 June 2010.","stype":"ratio","isDimension":false},{"name":"cs_cul_syn_2_rate_8_10_11_10","type":"java.lang.Double","title":"Disagree or Strongly Disagree with Acceptance of Other Cultures - Rate per 100 Population","description":"Disagree/strongly disagree with acceptance of other cultures - Indirectly age-standardised rate per 100 population. Source: Compiled by PHIDU based on modelled estimates from the 2010 General Social Survey, ABS (unpublished), and ABS Estimated Resident Population, 30 June 2010.","stype":"ratio","isDimension":false},{"name":"cs_saf_syn_4_uci_8_10_11_10","type":"java.lang.Double","title":"Feel Very Safe or Safe Walking Alone in Local Area after Dark - Rate per 100 Population - Upper 95 Percent C.I.","description":"Feel very safe/safe walking alone in local area after dark - Indirectly age-standardised rate per 100 population - upper 95% Confidence Interval. Source: Compiled by PHIDU based on modelled estimates from the 2010 General Social Survey, ABS (unpublished), and ABS Estimated Resident Population, 30 June 2010.","stype":"ratio","isDimension":false},{"name":"cs_saf_syn_5_rrm_8_10_11_10","type":"java.lang.Double","title":"Feel Very Safe or Safe Walking Alone in Local Area after Dark - RRMSE","description":"The relative root mean square error (RRMSE) is the measure of the reliability of an estimate. A value of 1 means the estimate should be used with caution; a value of 2 means the estimate is considered too unreliable for general use; and a value of 3 means the estimate is reliable. Source: Compiled by PHIDU based on modelled estimates from the 2010 General Social Survey, ABS (unpublished), and ABS Estimated Resident Population, 30 June 2010.","stype":"nominal","isDimension":false},{"name":"cs_vol_syn_1_no_8_10_11_10","type":"java.lang.Double","title":"Voluntary Work in the Last 12 Months Through an Organisation - Count","description":"Voluntary work in the last 12 months through an organisation - Count. Source: Compiled by PHIDU based on modelled estimates from the 2010 General Social Survey, ABS (unpublished).","stype":"ratio","isDimension":false},{"name":"cs_vol_syn_4_uci_8_10_11_10","type":"java.lang.Double","title":"Voluntary Work - Rate per 100 Population - Upper 95 Percent C.I.","description":"Voluntary work in the last 12 months through an organisation - Indirectly age-standardised rate per 100 population - upper 95% Confidence Interval. Source: Compiled by PHIDU based on modelled estimates from the 2010 General Social Survey, ABS (unpublished), and ABS Estimated Resident Population, 30 June 2010.","stype":"ratio","isDimension":false},{"name":"cs_vol_syn_2_rate_8_10_11_10","type":"java.lang.Double","title":"Voluntary Work - Rate per 100 Population","description":"Voluntary work in the last 12 months through an organisation - Indirectly age-standardised rate per 100 population. Source: Compiled by PHIDU based on modelled estimates from the 2010 General Social Survey, ABS (unpublished), and ABS Estimated Resident Population, 30 June 2010.","stype":"ratio","isDimension":false},{"name":"cs_gsup_syn_3_lci_8_10_11_10","type":"java.lang.Double","title":"Support in Times of Crisis - Rate per 100 Population - Lower 95 Percent C.I.","description":"Support in times of crisis from persons outside the household - Indirectly age-standardised rate per 100 population - lower 95% Confidence Interval. Source: Compiled by PHIDU based on modelled estimates from the 2010 General Social Survey, ABS (unpublished), and ABS Estimated Resident Population, 30 June 2010.","stype":"ratio","isDimension":false},{"name":"cs_vol_syn_5_rrm_8_10_11_10","type":"java.lang.Double","title":"Voluntary Work - RRMSE","description":"The relative root mean square error (RRMSE) is the measure of the reliability of an estimate. A value of 1 means the estimate should be used with caution; a value of 2 means the estimate is considered too unreliable for general use; and a value of 3 means the estimate is reliable. Source: Compiled by PHIDU based on modelled estimates from the 2010 General Social Survey, ABS (unpublished), and ABS Estimated Resident Population, 30 June 2010.","stype":"nominal","isDimension":false},{"name":"volun_abs_1_no_6_11_6_11","type":"java.lang.Double","title":"Voluntary Work - People Aged 15 Years and Over - Count","description":"The number of people aged 15 years and over that performed voluntary work for a group or organisation. Source: ABS Census 2011.","stype":"ratio","isDimension":false},{"name":"volun_abs_2_denom_6_11_6_11","type":"java.lang.Double","title":"Population Aged 15 Years and Over","description":"Population aged 15 years and over. Source: ABS Census 2011","stype":"ratio","isDimension":false},{"name":"cs_cul_syn_1_no_8_10_11_10","type":"java.lang.Double","title":"Disagree or Strongly Disagree with Acceptance of Other Cultures - Count","description":"Disagree/strongly disagree with acceptance of other cultures - Count. Source: Compiled by PHIDU based on modelled estimates from the 2010 General Social Survey, ABS (unpublished).","stype":"ratio","isDimension":false},{"name":"cs_cul_syn_3_lci_8_10_11_10","type":"java.lang.Double","title":"Disagree or Strongly Disagree with Acceptance of Other Cultures - Rate per 100 Population - Lower 95 Percent C.I.","description":"Disagree/strongly disagree with acceptance of other cultures - Indirectly age-standardised rate per 100 population - lower 95% Confidence Interval. Source: Compiled by PHIDU based on modelled estimates from the 2010 General Social Survey, ABS (unpublished), and ABS Estimated Resident Population, 30 June 2010.","stype":"ratio","isDimension":false},{"name":"volun_abs_3_percent_6_11_6_11","type":"java.lang.Double","title":"Voluntary Work For an Organisation or Group - Percent","description":"The number of people aged 15 years and over that performed voluntary work for a group or organisation as a percentage of the population aged 15 years and over. Source: ABS Census 2011.","stype":"ratio","isDimension":false},{"name":"cs_saf_syn_1_no_8_10_11_10","type":"java.lang.Double","title":"Feel Very Safe or Safe Walking Alone in Local Area after Dark - Count","description":"Feel very safe/safe walking alone in local area after dark - Count. Source: Compiled by PHIDU based on modelled estimates from the 2010 General Social Survey, ABS (unpublished).","stype":"ratio","isDimension":false},{"name":"cs_cul_syn_4_uci_8_10_11_10","type":"java.lang.Double","title":"Disagree or Strongly Disagree with Acceptance of Other Cultures - Rate per 100 Population - Upper 95 Percent C.I.","description":"Disagree/strongly disagree with acceptance of other cultures - Indirectly age-standardised rate per 100 population - upper 95% Confidence Interval. Source: Compiled by PHIDU based on modelled estimates from the 2010 General Social Survey, ABS (unpublished), and ABS Estimated Resident Population, 30 June 2010.","stype":"ratio","isDimension":false},{"name":"cs_cul_syn_5_rrm_8_10_11_10","type":"java.lang.Double","title":"Disagree or Strongly Disagree with Acceptance of Other Cultures - RRMSE","description":"The relative root mean square error (RRMSE) is the measure of the reliability of an estimate. A value of 1 means the estimate should be used with caution; a value of 2 means the estimate is considered too unreliable for general use; and a value of 3 means the estimate is reliable. Source: Compiled by PHIDU based on modelled estimates from the 2010 General Social Survey, ABS (unpublished), and ABS Estimated Resident Population, 30 June 2010.","stype":"nominal","isDimension":false},{"name":"cs_gsup_syn_1_no_8_10_11_10","type":"java.lang.Double","title":"Support in Times of Crisis - Count","description":"Support in times of crisis from persons outside the household - Count. Source: Compiled by PHIDU based on modelled estimates from the 2010 General Social Survey, ABS (unpublished).","stype":"ratio","isDimension":false},{"name":"cs_gsup_syn_4_uci_8_10_11_10","type":"java.lang.Double","title":"Support in Times of Crisis - Rate per 100 Population - Upper 95 Percent C.I.","description":"Support in times of crisis from persons outside the household - Indirectly age-standardised rate per 100 population - upper 95% Confidence Interval. Source: Compiled by PHIDU based on modelled estimates from the 2010 General Social Survey, ABS (unpublished), and ABS Estimated Resident Population, 30 June 2010.","stype":"ratio","isDimension":false},{"name":"cs_gsup_syn_2_rate_8_10_11_10","type":"java.lang.Double","title":"Support in Times of Crisis - Rate per 100 Population","description":"Support in times of crisis from persons outside the household - Indirectly age-standardised rate per 100 population. Source: Compiled by PHIDU based on modelled estimates from the 2010 General Social Survey, ABS (unpublished), and ABS Estimated Resident Population, 30 June 2010.","stype":"ratio","isDimension":false}],"filter":{"filterType":"tabular","feature":{"key":"area_code","geoLevel":"lga2011","geoField":"ignored","year":"2006","featureBbox":[140.961681984,-39.159189527500004,149.976679008,-33.9806475865],"featureType":"ste","featureInstance":"2","featureName":"Victoria","referenceSystemIdentifier":"EPSG:4283","prefix":"","keyTransform":null},"states":["2"]}}